EditionId	ASIN	ISBN	Title	Author	Edition Author	Binding	PublicationYear	Rating	Tags	Note	Condition	DatePurchased	PurchasePrice	DateRead	Signed	Loaned	LoanedTo	LoanedDate	LoanDueDate	DateAdded	Private	Favorites list	I plan to read list	Wish list	I've read list	I own list	I'm reading list	Review
10034	"0142000280"	"0142000280"	Getting Things Done	Allen, David	David Allen	Paperback	2002													8/22/2008		False	False	False	False	False	False	
10075	"0156027321"	"0156027321"	Life of Pi	Martel, Yann	Yann Martel	Paperback	2003	3						1/1/2009						7/23/2009		False	False	False	True	False	False	
10095	"0307343197"	"0307343197"	The Great Gatsby	Fitzgerald, F. Scott	F. Scott Fitzgerald	Paperback	2005	5						2/8/2011						2/9/2011		True	False	False	True	False	False	
10140	"074325807X"	"074325807X"	Benjamin Franklin	Isaacson, Walter	Walter Isaacson	Paperback	2004	4												5/31/2013		False	True	False	False	False	False	
10225	"074348763X"	"074348763X"	Crime and Punishment	Dostoyevsky, Fyodor	Fyodor Dostoyevsky	Mass Market Paperback	2004	5						1/1/2007						8/22/2008		True	False	False	True	False	False	
10277	"1592243851"	"1592243851"	Fathers and Sons	Turgenev, Ivan	Ivan Turgenev	Paperback	2003	4						11/24/2012						11/24/2012		False	False	False	True	False	False	
10291	"1593080069"	"1593080069"	Great Expectations	Dickens, Charles	Charles Dickens	Mass Market Paperback	2003													10/12/2009		False	True	False	False	False	False	
10413	"1578518520"	"1578518520"	The Innovator's Solution	Christensen, Clayton M.; Michael E. Raynor	Clayton M. Christensen, Michael E. Raynor	Hardcover	2003													7/6/2011		False	True	False	False	False	False	
10415	"0060521996"	"0060521996"	The Innovator's Dilemma	Christensen, Clayton M.	Clayton M. Christensen	Paperback	2003	5						11/1/2011						7/6/2011		True	False	False	True	False	False	
11077	"0452011876"	"0452011876"	Atlas Shrugged	Rand, Ayn	Ayn Rand	Paperback	1999	5						1/1/2009						7/14/2009		False	False	False	True	False	False	
11162	"0441013678"	"0441013678"	Count Zero	Gibson, William	William Gibson	Paperback	2006	5						7/6/2014						7/9/2014		False	False	False	True	False	False	
11163	"0553281747"	"0553281747"	Mona Lisa Overdrive	Gibson, William	William Gibson	Mass Market Paperback	1989	5						7/13/2014						7/9/2014		False	False	False	True	False	False	
11164	"0441569595"	"0441569595"	Neuromancer	Gibson, William	William Gibson	Mass Market Paperback	1984	5						9/1/2013						8/7/2013		False	False	False	True	False	False	
11309	"0060934913"	"0060934913"	Kitchen Confidential	Bourdain, Anthony	Anthony Bourdain	Paperback	2001	4						2/7/2011						1/29/2011		False	False	False	True	False	False	
11491	"1880685221"	"1880685221"	Hold 'em Poker For Advanced Players	Sklansky, David; Mason Malmuth	David Sklansky, Mason Malmuth	Paperback	1999	3						1/1/2009						2/5/2009		False	False	False	True	False	False	
11497	"1416903674"	"1416903674"	Phil Gordon's Little Green Book	Gordon, Phil	Phil Gordon	Hardcover	2005	4						1/1/2008						2/5/2009		False	False	False	True	False	False	
11528	"0553585975"	"055299670X"	The Wealth of Nations	Smith, Adam	Adam Smith	Mass Market Paperback	2003	4						2/1/2010						8/22/2008		False	False	False	True	False	False	
11857	"0449300021"	"0449300021"	Les Misérables	Hugo, Victor	Victor Hugo	Mass Market Paperback	1982	5						5/31/2013						3/3/2013		False	False	False	True	False	False	
11968	"0385333846"	"0385333846"	Slaughterhouse-Five	Vonnegut, Kurt, Jr.	Kurt Vonnegut	Paperback	1999	5						1/1/2007						7/14/2009		True	False	False	True	False	False	
11970	"0679731725"	"0679731725"	The Remains of the Day	Ishiguro, Kazuo	Kazuo Ishiguro	Paperback	1990	5						11/11/2012						11/11/2012		True	False	False	True	False	False	
12246	"0672326140"	"0672326140"	The Inmates Are Running the Asylum	Cooper, Alan	Alan Cooper	Paperback	2004	3												4/28/2012		False	True	False	False	False	False	
12580	"0735619670"	"0735619670"	Code Complete	McConnell, Steve	Steve McConnell	Paperback	2004													5/15/2013		False	True	False	False	False	False	
13210	"0262011530"	"0262011530"	Structure and Interpretation of Computer Programs	Abelson, Harold; Gerald Jay Sussman; Julie Sussman	Harold Abelson, Gerald Jay Sussman	Hardcover	1996													7/22/2013		False	True	False	False	False	False	
14808	"0805209999"	"0805209999"	The Trial	Kafka, Franz	Franz Kafka	Paperback	1999	4						2/21/2014						2/21/2014		False	False	False	True	False	False	
14857	"1563893428"	"1563893428"	The Dark Knight Returns	Miller, Frank; Klaus Janson; John Costanza; Lynn Varley	Frank Miller	Paperback	1997	5						8/1/2013						7/15/2009		False	False	False	True	False	False	
14896	"0307266931"	"0307266931"	War and Peace	Tolstoy, Leo	Leo Tolstoy	Hardcover	2007	4						9/2/2012						8/22/2008		False	False	False	True	False	False	
14905	"0393312836"	"0393312836"	A Clockwork Orange	Burgess, Anthony	Anthony Burgess	Paperback	1995	4						5/19/2013						5/18/2013		False	False	False	True	False	False	
14991	"1593082088"	"1593082088"	Walden and On the Duty of Civil Disobedience	Thoreau, Henry David; Paul Lauter	Henry David Thoreau	Paperback	2005	4						8/9/2013						8/5/2013		False	False	False	True	False	False	
16278	"0787951986"	"0787951986"	Emotional Intelligence at Work	Weisinger, Hendrie	Hendrie Weisinger Ph.D.	Paperback	2000													2/1/2011		False	False	False	False	False	False	
16375	"0743217373"	"0743217373"	The Great Bridge	McCullough, David G.	David McCullough	Hardcover	2001	5						4/5/2014						3/30/2014		False	False	False	True	False	False	
16527	"0140447571"	"0140447571"	The Communist Manifesto	Marx, Karl; Friedrich Engels	Karl Marx, Friedrich Engels	Paperback	2002	3						1/1/2008						8/22/2008		False	False	False	True	False	False	
16626	"0811200124"	"0811200124"	Labyrinths	Borges, Jorge Luis	Jorge Luis Borges	Paperback	1988	4						8/19/2012						8/19/2012		False	False	False	True	False	False	
17410	"0393324869"	"0393324869"	Naked Economics	Wheelan, Charles J.	Charles Wheelan	Paperback	2003	4						8/1/2007						12/28/2011		False	False	False	True	True	False	
18518	"014200068X"	"014200068X"	Cannery Row	Steinbeck, John	John Steinbeck	Paperback	2002													2/5/2009		False	True	False	False	False	False	
18928	"0192545051"	"0192545051"	Oliver Twist	Dickens, Charles	Charles Dickens	Hardcover	1987													12/27/2009		False	False	False	False	False	False	
19019	"0262560992"	"0262560992"	The Little Schemer - 4th Edition	Friedman, Daniel P.; Matthias Felleisen; Duane Bibby	Daniel P. Friedman, Matthias Felleisen	Paperback	1995													6/21/2013		False	True	False	False	False	False	
19948	"0201633612"	"0201633612"	Design Patterns	Gamma, Erich; Richard Helm; Ralph Johnson; John Vlissides	Erich Gamma, Richard Helm, Ralph Johnson, John Vlissides	Hardcover	1994	5						4/9/2013						3/3/2013		True	False	False	True	False	False	
20590	"0374528373"	"0374528373"	The Brothers Karamazov	Dostoyevsky, Fyodor	Fyodor Dostoevsky	Paperback	2002													2/5/2009		False	False	False	False	False	False	
20937	"0465069347"	"0465069347"	The Republic Of Plato: Second Edition	Plato	Plato	Paperback	1991	4						1/5/2010						11/22/2009		False	False	False	True	False	False	
21568	"020161622X"	"020161622X"	The Pragmatic Programmer	Hunt, Andrew; David Thomas	Andrew Hunt, David Thomas	Paperback	1999	4						5/2/2013						4/21/2013		False	False	False	True	False	False	
21727	"0436202948"	"0436202948"	Animal Farm	Orwell, George	George Orwell	Hardcover	1995	5						9/3/2013						8/22/2008		True	False	False	True	False	False	
25887	"0143036580"	"0143036580"	The End of Poverty	Sachs, Jeffrey	Jeffrey Sachs	Paperback	2006	4						5/1/2008						8/22/2008		False	False	False	True	False	False	
26219	"0385334206"	"0385334206"	Breakfast of Champions	Vonnegut, Kurt, Jr.	Kurt Vonnegut	Paperback	1999	3						1/1/2007						7/14/2009		False	False	False	True	False	False	
26224	"0141301066"	"0141301066"	Matilda	Dahl, Roald	Roald Dahl	Paperback	1998	5						4/15/2014						4/16/2014		True	False	False	True	False	False	
27448	"067973371X"	"067973371X"	Means of Ascent	Caro, Robert A.	Robert A. Caro	Paperback	1991	5						5/28/2014						5/11/2014		False	False	False	True	False	False	
27451	"0679729453"	"0679729453"	The Path to Power	Caro, Robert A.	Robert A. Caro	Paperback	1990	5						5/11/2014						4/12/2014		True	False	False	True	False	False	
29224	"0451524934"	"0451524934"	1984	Orwell, George	George Orwell	Mass Market Paperback	1961	5						6/1/2009						8/22/2008		True	False	False	True	False	False	
30094	"0451529553"	"0451529553"	Notes From Underground	Dostoyevsky, Fyodor	Fyodor Dostoyevsky	Mass Market Paperback	2004	3						1/1/2009						8/22/2008		False	False	False	True	False	False	
32502	"1593072937"	"1593072937"	Sin City: The Hard Goodbye	Miller, Frank	Frank Miller	Paperback	2005	5						12/27/2013						12/26/2013		False	False	False	True	False	False	
35800	"0375708766"	"0375708766"	Lincoln	Vidal, Gore	Gore Vidal	Paperback	2000	4						1/1/2010						8/10/2009		False	False	False	True	False	False	
35802	"037570874X"	"037570874X"	Empire	Vidal, Gore	Gore Vidal	Paperback	2000													9/10/2010		False	False	False	False	False	False	
36249	"0679736654"	"0679736654"	A Scanner Darkly	Dick, Philip K.	Philip K. Dick	Paperback	1991	5						11/16/2013						11/9/2013		True	False	False	True	False	False	
36509	"0345404475"	"0345404475"	Do Androids Dream of Electric Sheep?	Dick, Philip K.	Philip K. Dick	Paperback	1996	5						4/14/2012						4/14/2012		False	False	False	True	False	False	
38361	"1579550088"	"1579550088"	A New Kind of Science	Wolfram, Stephen	Stephen Wolfram	Hardcover	2002	5						4/22/2013						3/7/2012		True	False	False	True	False	False	
39909	"1573921408"	"1573921408"	Principles of Economics (Great Minds Series)	Marshall, Alfred	Alfred Marshall	Paperback	1997	3						1/1/2009						11/14/2009		False	False	False	True	False	False	
39973	"0345391802"	"0345391802"	The Hitchhiker's Guide to the Galaxy	Adams, Douglas	Douglas Adams	Mass Market Paperback	1995	4						9/16/2012						5/5/2012		False	False	False	True	False	False	
41993	"1400052998"	"1400052998"	The Metamorphosis	Kafka, Franz	Franz Kafka	Paperback	2004	5						8/18/2013						8/12/2013		False	False	False	True	False	False	
42146	"0930289528"	"0930289528"	V for Vendetta	Moore, Alan; David Lloyd	Alan Moore, David Lloyd	Paperback	1995	5						12/17/2013						12/18/2013		True	False	False	True	False	False	
44915	"0679785892"	"0679785892"	Fear and Loathing in Las Vegas	Thompson, Hunter S.	Hunter S. Thompson	Paperback	1998	5						6/16/2012						6/16/2012		False	False	False	True	False	False	
44931	"0684856476"	"0684856476"	The Rum Diary	Thompson, Hunter S.	Hunter S. Thompson	Paperback	1999	5						6/11/2012						6/11/2012		False	False	False	True	False	False	
48114	"0345479211"	"0345479211"	Pandora's Star	Hamilton, Peter F.	Peter F. Hamilton	Mass Market Paperback	2005													10/12/2009		False	False	False	False	False	False	
50883	"0679736646"	"0679736646"	Ubik	Dick, Philip K.	Philip K. Dick	Paperback	1991	5						9/13/2013						9/13/2013		True	False	False	True	False	False	
51138	"0425170349"	"0425170349"	Rainbow Six	Clancy, Tom	Tom Clancy	Mass Market Paperback	1999	3						1/1/2006						8/22/2008		False	False	False	True	False	False	
51277	"0596006624"	"0596006624"	Hackers & Painters	Graham, Paul	Paul Graham	Hardcover	2004	4						7/23/2013						7/21/2013		True	False	False	True	False	False	
52522	"0465026567"	"0465026567"	Gödel, Escher, Bach	Hofstadter, Douglas R.	Douglas R. Hofstadter	Paperback	1999	5						5/10/2013						4/12/2013		True	False	False	True	False	False	
52881	"1932416641"	"1932416641"	What is the What	Eggers, Dave	Dave Eggers	Hardcover	2006	5						1/8/2014						1/8/2014		True	False	False	True	False	False	
52882	"0375725784"	"0375725784"	A Heartbreaking Work of Staggering Genius	Eggers, Dave	Dave Eggers	Paperback	2001							2/21/2014						8/16/2012		False	False	False	True	False	False	
56944	"0201485672"	"0201485672"	Refactoring	Fowler, Martin	Martin Fowler, Kent Beck, John Brant, William Opdyke, Don Roberts	Hardcover	1999	4						5/14/2013						5/8/2013		False	False	False	True	False	False	
60203	"0930289234"	"0930289234"	Watchmen	Moore, Alan; Dave Gibbons	Alan Moore	Paperback	1995	4						10/1/2009						7/15/2009		False	False	False	True	False	False	
60312	"0679723161"	"9582701048"	Lolita	Nabokov, Vladimir	Vladimir Nabokov	Paperback	1989	4						11/17/2012						10/18/2012		False	False	False	True	False	False	
61724	"0143037889"	"0143037889"	The Singularity Is Near	Kurzweil, Ray	Ray Kurzweil	Paperback	2006	5						2/9/2012						1/16/2012		False	False	False	True	False	False	
61825	"0679722769"	"0679722769"	Ulysses	Joyce, James	James Joyce	Paperback	1990	2						8/11/2012						8/5/2012		False	True	False	False	False	False	
65038	"0142437964"	"0142437964"	Swann's Way	Proust, Marcel	Marcel Proust	Paperback	2004	4						7/20/2014						6/13/2014		False	False	False	True	False	False	
65527	"076454280X"	"076454280X"	The Art of Deception	Mitnick, Kevin; William L. Simon	Kevin D. Mitnick, William L. Simon	Paperback	2003													8/22/2008		False	False	False	False	False	False	
65947	"0375507256"	"0375507256"	Cloud Atlas	Mitchell, David	David Mitchell	Paperback	2004	4						9/14/2012						9/5/2012		False	False	False	True	False	False	
71287	"0812966929"	"0812966929"	Number9dream	Mitchell, David	David Mitchell	Paperback	2003	4						12/7/2012						12/7/2012		False	False	False	True	False	False	
71418	"0684833395"	"0684833395"	Catch-22	Heller, Joseph	Joseph Heller	Paperback	1996	4						1/1/2007						12/28/2011		False	False	False	True	True	False	
75587	"0143039075"	"0143039075"	Within a Budding Grove	Proust, Marcel	Marcel Proust	Paperback	2005													7/22/2014		False	False	False	False	False	True	
76886	"0393061434"	"0393061434"	iWoz	Wozniak, Steve; Gina Smith	Steve Wozniak	Hardcover	2006	3						3/25/2010						6/25/2011		False	False	False	True	False	False	
77708	"1401210090"	"1401210090"	Paper Dolls	Vaughan, Brian K.; Pia Guerra	Brian K. Vaughan	Paperback	2006	4						5/12/2013						5/12/2013		False	False	False	True	False	False	
77717	"1401202012"	"1401202012"	One Small Step	Vaughan, Brian K.	Brian K. Vaughan	Paperback	2004	4						5/12/2013						5/12/2013		False	False	False	True	False	False	
77726	"1401210104"	"1401210104"	Kimono Dragons	Vaughan, Brian K.; Pia Guerra	Brian K. Vaughan	Paperback	2006	4						5/12/2013						5/12/2013		False	False	False	True	False	False	
78387	"1401206263"	"1401206263"	Tag	Vaughan, Brian K.	Brian K. Vaughan	Paperback	2005	5						1/26/2014						1/26/2014		False	False	False	True	False	False	
82278	"0300110561"	"0300110561"	The Wealth of Networks	Benkler, Yochai	Yochai Benkler	Hardcover	2006	4						1/25/2011						1/21/2011		False	False	False	True	False	False	
83668	"0451216725"	"0451216725"	Code to Zero	Follett, Ken	Ken Follett	Paperback	2005	4						3/1/2008						8/22/2008		True	False	False	True	False	False	
83725	"0451210468"	"0451210468"	Lie Down With Lions	Follett, Ken	Ken Follett	Paperback	2003	3						4/1/2008						8/22/2008		False	False	False	True	False	False	
93023	"0553292153"	"055318086X"	Powershift : Knowledge, Wealth, and Violence at the Edge of the 21st Century	Toffler, Alvin	Alvin Toffler	Mass Market Paperback	1991	4						7/1/2012						4/14/2012		False	False	False	True	False	False	
93027	"0553277375"	"0553277375"	Future Shock	Toffler, Alvin	Alvin Toffler	Mass Market Paperback	1984	4						2/8/2011						1/29/2011		False	False	False	True	False	False	
94216	"089526711X"	"089526711X"	Das Kapital	Marx, Karl	Karl Marx	Paperback	1996	4						2/1/2010						7/13/2011		False	False	False	True	False	False	
97052	"1401205011"	"1401205011"	Girl on Girl	Vaughan, Brian K.; Pia Guerra	Brian K. Vaughan	Paperback	2005	5						5/12/2013						5/12/2013		False	False	False	True	False	False	
97053	"1401202322"	"1401202322"	Safeword	Vaughan, Brian K.	Brian K. Vaughan	Paperback	2004	4						5/12/2013						5/12/2013		False	False	False	True	False	False	
97054	"1401204872"	"1401204872"	Ring of Truth	Vaughan, Brian K.; Pia Guerra; Jose Marzan, Jr.	Brian K. Vaughan	Paperback	2005	4						5/12/2013						5/12/2013		False	False	False	True	False	False	
100740	"0387948600"	"0387948600"	The Algorithm Design Manual	Skiena, Steve	Steve S. Skiena	Hardcover	1997													9/9/2013		False	True	False	False	False	False	
101518	"0130305529"	"0130305529"	On LISP: Advanced Techniques for Common LISP	Graham, Paul	Paul Graham	Perfect Paperback	1993	5						7/12/2013						6/13/2013		False	False	False	True	False	False	
102874	"0684801469"	"0684801469"	A Farewell to Arms	Hemingway, Ernest	Ernest Hemingway	Paperback	1995	5						10/16/2012						10/16/2012		False	False	False	True	False	False	
104059	"1419145800"	"1419145800"	Sailing Alone Around The World	Slocum, Joshua	Joshua Slocum	Paperback	2004													9/11/2010		False	False	False	False	False	False	
105369	"0060088877"	"0060088877"	The Bridge of San Luis Rey	Wilder, Thornton	Thornton Wilder	Paperback	2003													10/12/2013		False	True	False	False	False	False	
105838	"0684803356"	"0684803356"	For Whom the Bell Tolls	Hemingway, Ernest	Ernest Hemingway	Paperback	1995	5						7/8/2012						7/8/2012		False	False	False	True	False	False	
108682	"0375708758"	"0375708758"	Hollywood	Vidal, Gore	Gore Vidal	Paperback	2000													11/6/2010		False	False	False	False	False	False	
108718	"0375708731"	"0375708731"	Burr	Vidal, Gore	Gore Vidal	Paperback	2000	4						7/24/2009						7/14/2009		False	False	False	True	False	False	
108742	"0375708723"	"0375708723"	1876	Vidal, Gore	Gore Vidal	Paperback	2000	3						1/1/2010						5/6/2010		False	False	False	True	False	False	
108992	"1590593898"	"1590593898"	Joel on Software	Spolsky, Joel	Joel Spolsky	Paperback	2004	4												10/22/2013		False	True	False	False	False	False	
109322	"0521663504"	"0521663504"	Purely Functional Data Structures	Okasaki, Chris	Chris Okasaki	Paperback	1999	5												7/15/2013		True	True	False	False	False	False	
132010	"0061198595"	"0061198595"	Phil Hellmuth Presents Read 'Em and Reap: A Career FBI Agent's Guide to Decoding Poker Tells	Karlins, Marvin; Phil Hellmuth; Joe Navarro	Joe Navarro, Marvin Karlins, Phil, Jr. Hellmuth	Paperback	2006	3						1/1/2009						2/5/2009		False	False	False	True	False	False	
135665	"0875847595"	"0875847595"	Net Gain: Expanding Markets Through Virtual Communities	III, John Hagel	John Hagel III, Arthur G. Armstrong	Hardcover	1997													7/11/2011		False	False	False	False	False	False	
146921	"0743297334"	"0743297334"	The Sun Also Rises	Hemingway, Ernest	Ernest Hemingway	Paperback	2006	4						7/1/2012						8/12/2012		False	False	False	True	False	False	
172911	"068482499X"	"068482499X"	A Moveable Feast	Hemingway, Ernest	Ernest Hemingway	Paperback	1996	4						9/22/2013						9/14/2013		False	False	False	True	False	False	
218368	"0876120834"	"0876120834"	Autobiography of a Yogi	Yogananda, Paramahansa	Paramahansa Yogananda	Paperback	2000													11/17/2011		False	False	False	False	False	False	
248734	"1896597297"	"1896597297"	City of Stones	Lutes, Jason	Jason Lutes	Paperback	2000	5						4/6/2014						4/7/2014		False	False	False	True	False	False	
326795	"1556159005"	"1556159005"	Rapid Development	McConnell, Steve	Steve McConnell	Paperback	1996													5/15/2013		False	True	False	False	False	False	
344983	"0393927024"	"0393927024"	Varian: Intermediate Microeconomics - A Modern Approach 2ed (Cloth)	Varian, Hal R.	Hal R. Varian	Hardcover	2005	4						11/1/2008						9/14/2008		False	False	False	True	False	False	
367175	"0671726889"	"0671726889"	The Cuckoo's Egg	Stoll, Clifford	Clifford Stoll	Paperback	1990	5						3/23/2014						3/23/2014		False	False	False	True	False	False	
371815	"0596004230"	"0596004230"	Objective-C Pocket Reference	Duncan, Andy	Andrew Duncan	Paperback	2002	4						8/1/2009						12/28/2011		False	False	False	True	True	False	
379390	"1401213510"	"1401213510"	Motherland	Vaughan, Brian K.; Pia Guerra	Brian K. Vaughan	Paperback	2007	5						5/13/2013						5/12/2013		False	False	False	True	False	False	
391149	"0743264738"	"0743264738"	Einstein	Isaacson, Walter	Walter Isaacson	Hardcover	2007	4						4/12/2012						4/14/2012		False	False	False	True	False	False	
393559	"026256100X"	"026256100X"	The Seasoned Schemer	Friedman, Daniel P.; Matthias Felleisen; Duane Bibby	Daniel P. Friedman, Matthias Felleisen	Paperback	1995													6/21/2013		False	True	False	False	False	False	
394840	"0262562146"	"0262562146"	The Reasoned Schemer	Friedman, Daniel P.	Daniel P. Friedman, William E. Byrd, Oleg Kiselyov	Paperback	2005													6/21/2013		False	True	False	False	False	False	
401748	"0875848893"	"0875848893"	Net Worth		John Hagel III, Marc Singer	Hardcover	1999													7/11/2011		False	False	False	False	False	False	
401749	"1578516803"	"1578516803"	Out of the Box: Strategies for Achieving Profits Today & Growth Tomorrow Through Web Services		John Hagel III, John Seely Brown	Hardcover	2002													7/11/2011		False	False	False	False	False	False	
426977	"0394722868"	"0394722868"	Passion of Poland	Weschler, Lawrence	Lawrence Weschler	Paperback	1984	4						12/22/2013						12/18/2013		False	False	False	True	False	False	
444881	"1591397200"	"1591397200"	The Only Sustainable Edge: Why Business Strategy Depends on Productive Friction and Dynamic Specialization		John Hagel III, John Seely Brown	Hardcover	2005													7/11/2011		False	True	False	False	False	False	
563209	"0451215710"	"0451215710"	Whiteout	Follett, Ken	Ken Follett	Mass Market Paperback	2005	3						3/1/2008						8/22/2008		False	False	False	True	False	False	
598729	"0679444629"	"0679444629"	Midnight's Children	Rushdie, Salman	Salman Rushdie	Hardcover	1995	4						2/3/2013						12/16/2012		False	False	False	True	False	False	
626175	"0374528500"	"0374528500"	Toward Rational Exuberance: The Evolution of the Modern Stock Market	Smith, B. Mark	B. Mark Smith	Paperback	2002	4						8/1/2011						6/25/2011		False	False	False	True	False	False	
761983	"0465046746"	"0465046746"	Mindstorms Children Computers and Powerful	Papert, Seymour	Seymour A. Papert	Paperback	1993													10/22/2012		False	True	False	False	False	False	
820138	"0385514514"	"0385514514"	The Last Tycoons	Cohan, William D.	William D. Cohan	Hardcover	2007	3						1/1/2010						9/9/2010		False	False	False	True	False	False	
890304	"1405159170"	"1405159170"	Inside the Economist's Mind: Conversations with Eminent Economists	Samuelson, Paul Anthony		Paperback	2006	3						1/1/2007						8/22/2008		False	False	False	True	False	False	
906093	"0679762884"	"0679762884"	High Output Management	Grove, Andrew S.	Andrew S. Grove	Paperback	1995													6/28/2011		False	True	False	False	False	False	
1089890	"1573921092"	"1573921092"	Principles of Political Economy and Taxation	Ricardo, David	David Ricardo	Paperback	1996	3						1/1/2009						9/15/2009		False	False	False	True	False	False	
1160888	"0374191484"	"0374191484"	The Savage Detectives	Bolaño, Roberto	Roberto Bolaño	Hardcover	2007	4						8/12/2012						8/5/2012		False	False	False	True	False	False	
1218502	"1590597141"	"1590597141"	Founders at Work	Livingston, Jessica	Jessica Livingston	Hardcover	2007	4						3/22/2014						6/21/2013		False	False	False	True	False	False	
2123180	"1405136669"	"1405136669"	Games and Information: An Introduction to Game Theory	Rasmusen, Eric	Eric Rasmusen	Hardcover	2006	4						4/20/2009						2/5/2009		False	False	False	True	False	False	
2241033	"0745325238"	"8125030220"	The Corporation that Changed the World: How the East India Company Shaped the Modern Multinational	Robins, Nick	Nick Robins	Paperback	2006													7/6/2011		False	True	False	False	False	False	
4278161	"0385720270"	"0385720270"	Development as Freedom	Sen, Amartya	Amartya Sen	Paperback	2000													6/20/2011		False	True	False	False	False	False	
4386163	"140121813X"	"140121813X"	Whys and Wherefores	Vaughan, Brian K.; Pia Guerra	Brian Vaughan	Paperback	2008	5						5/13/2013						5/12/2013		False	False	False	True	False	False	
4474609	"1563899809"	"1563899809"	Unmanned	Vaughan, Brian K.; Pia Guerra	Brian K. Vaughan	Paperback	2003	5						5/12/2013						5/12/2013		False	False	False	True	False	False	
4672356	"0140449264"	"0140449264"	The Count of Monte Cristo	Dumas, Alexandre, père	Alexandre Dumas père	Paperback	2003	4						1/1/2009						2/5/2009		False	False	False	True	False	False	
4949883	"0374100144"	"0374100144"	2666	Bolaño, Roberto	Roberto Bolano	Hardcover	2008							2/21/2014						8/5/2012		True	False	False	True	False	False	
4963136	"B000R2YMFA"	""	Capital: A Critical Analysis of Capitalist Production (Capital, Volume 1)		Karl Marx	Paperback	1970	4						1/1/2009						10/14/2009		False	False	False	False	False	False	
4997596	"0596517742"	"0596517742"	JavaScript	Crockford, Douglas	Douglas Crockford	Paperback	2008	4						9/29/2013						9/18/2013		False	False	False	True	False	False	
5014482	"0452286751"	"0452286751"	The Fountainhead	Rand, Ayn	Ayn Rand	Hardcover	2005	5						1/1/2009						8/4/2009		True	False	False	True	False	False	
5091121	"0596514980"	"0596514980"	Real World Haskell	O'Sullivan, Bryan; Don Stewart; John Goerzen	Bryan O'Sullivan, John Goerzen, Don Stewart	Paperback	2008	5												5/28/2014		False	True	False	False	False	False	
5141592	"0818407271"	"0818407271"	Every Hand Revealed	Hansen, Gus	Gus Hansen	Paperback	2008	4						1/1/2008						2/5/2009		False	False	False	True	False	False	
5255105	"0321566157"	"0321566157"	Programming in Objective-C 2.0	Kochan, Stephen G.	Stephen G. Kochan	Paperback	2009	3						8/1/2009						12/28/2011		False	False	False	True	True	False	
5306651	"193496400X"	"193496400X"	Local	Wood, Brian; Ryan Kelly	Brian Wood	Hardcover	2008													7/2/2013		False	True	False	False	False	False	
5308934	"1594201897"	"1594201897"	The Partnership: The Making of Goldman Sachs	Ellis, Charles D.	Charles D. Ellis	Hardcover	2008	5						1/1/2010						8/28/2010		True	False	False	True	False	False	
5514873	"1897299532"	"1897299532"	City of Smoke	Lutes, Jason	Jason Lutes	Paperback	2008	5						4/11/2014						4/12/2014		False	False	False	True	False	False	
5590540	"0061709719"	"0061709719"	What Would Google Do?	Jarvis, Jeff	Jeff Jarvis	Hardcover	2009	3						1/16/2012						1/16/2012		False	False	False	True	False	False	
5679650	"1401222358"	"1401222358"	Y: The Last Man Deluxe Edition Book Two	Vaughan, Brian K.	Brian K. Vaughan	Hardcover	2009	4						5/12/2013						5/12/2013		False	False	False	True	False	False	
5855412	"1401322905"	"1401322905"	Free	Anderson, Chris	Chris Anderson	Hardcover	2009	4						7/1/2011						6/30/2011		False	False	False	True	False	False	
5878825	"0321503627"	"0321503627"	Growing Object-Oriented Software, Guided by Tests	Freeman, Steve; Nat Pryce	Steve Freeman, Nat Pryce	Paperback	2009	4						4/30/2013						4/21/2013		False	False	False	True	False	False	
5929043	"1416566112"	"1416566112"	Ratio	Ruhlman, Michael	Michael Ruhlman	Hardcover	2009													12/16/2009		False	True	False	False	False	False	
7371737	"1441419071"	"1441419071"	Learning with PYTHON: How to Think Like a Computer Scientist		Allen Downey, Jeffrey Elkner, Chris Meyers	Paperback	2009	4						3/14/2012						3/17/2012		False	False	False	True	False	False	
7617081	"0670021253"	"0670021253"	Too Big to Fail	Sorkin, Andrew Ross	Andrew Ross Sorkin	Hardcover	2009	4						1/11/2011						12/16/2009		False	False	False	True	False	False	
7922974	"0061914177"	"0061914177"	Crush It!	Vaynerchuk, Gary	Gary Vaynerchuk	Hardcover	2009	4						6/23/2011						6/20/2011		False	False	False	True	False	False	
8233656	"B00262MEPY"	""	Mr. Neighborly's Humble Little Ruby Book			Perfect Paperback	0	4						2/14/2012						1/8/2012		False	False	False	True	False	False	
8259977	"0670021148"	"0670021148"	Bicycle Diaries	Byrne, David	David Byrne	Hardcover	2009													12/16/2009		False	False	False	False	False	False	
8402293	"0061718947"	"0061718947"	Medium Raw	Bourdain, Anthony	Anthony Bourdain	Hardcover	2010													2/9/2011		False	True	False	False	False	False	
8403371	"0061914185"	"0061914185"	The Thank You Economy	Vaynerchuk, Gary	Gary Vaynerchuk	Hardcover	2011	4						7/3/2011						6/20/2011		False	False	False	True	False	False	
8760432	"0307463745"	"0307463745"	Rework	Fried, Jason; David Heinemeier Hansson; Jason Fried	Jason Fried, David Heinemeier Hansson	Hardcover	2010	3						5/15/2014						6/30/2011		False	False	False	True	False	False	
11782012	"1846140552"	"1846140552"	Thinking, Fast and Slow	Kahneman, Daniel	Daniel Kahneman	Gebundene Ausgabe	2011	3												1/4/2012		False	True	False	False	False	False	
20709656	"0805091742"	"0805091742"	The Checklist Manifesto	Gawande, Atul	Atul Gawande	Hardcover	2009	4						6/1/2011						6/11/2011		False	False	False	True	False	False	
20859954	"1430219483"	"1430219483"	Coders at Work	Seibel, Peter	Peter Seibel	Paperback	2009	4						7/20/2013						6/21/2013		False	False	False	True	False	False	
20898094	"144867185X"	"144867185X"	The General Theory of Employment, Interest and Money	Keynes, John Maynard	John Maynard Keynes	Paperback	2009													1/9/2010		False	True	False	False	False	False	
21283961	"0596806027"	"0596806027"	HTML5	Pilgrim, Mark	Mark Pilgrim	Paperback	2010	4						1/1/2012						1/9/2012		False	False	False	True	False	False	
22733697	"0465019358"	"0465019358"	The Power of Pull	III, John Hagel; John Seely Brown; Lang Davison	John Hagel  III, John Seely Brown, Lang Davison	Hardcover	2010													7/11/2011		False	True	False	False	False	False	
24568619	"1605095257"	"1605095257"	Accidental genius : using writing to generate your best ideas, insights, and content	Levy, Mark	Mark Levy	Paperback	2010													11/27/2011		False	True	False	False	False	False	
24945722	"0307269930"	"0307269930"	The Master Switch	Wu, Tim	Tim Wu	Hardcover	2010	3												2/9/2012		False	True	False	False	False	False	
27859581	"B002WTCIIO"	""	The Federalist Papers (Optimized for Kindle)		Alexander Hamilton, John Jay, James Madison	Kindle Edition	2008													2/4/2011		False	True	False	False	True	False	
27866485	"1449381561"	"1449381561"	MongoDB: The Definitive Guide		Kristina Chodorow, Michael Dirolf	Paperback	2010	3						1/1/2012						12/22/2011		False	False	False	True	False	False	
28053221	"1591843790"	"1591843790"	Enchantment	Kawasaki, Guy	Guy Kawasaki	Hardcover	2011	4						6/4/2011						6/11/2011		False	False	False	True	False	False	
28390741	"1416596585"	"1416596585"	In The Plex	Levy, Steven	Steven Levy	Hardcover	2011	5						6/28/2011						6/25/2011		True	False	False	True	False	False	
35465078	"1593272839"	"1593272839"	Learn You a Haskell for Great Good!	Lipovača, Miran	Miran Lipovaca	Paperback	2011	4												1/14/2014		False	True	False	False	False	False	
35470390	"1935785575"	"9781935785576"	If You Want To Write: A Book about Art, Independence and Spirit		Brenda Ueland	Paperback	2010	4						6/2/2011						6/11/2011		False	False	False	True	False	False	
37559580	"0374227349"	"0374227349"	The Origins of Political Order	Fukuyama, Francis	Francis Fukuyama	Hardcover	2011	4						3/22/2013						9/16/2012		False	False	False	True	False	False	
37640246	"B0046ECF4U"	""	All the Devils Are Here	McLean, Bethany; Joe Nocera	Joe Nocera, Bethany McLean	Kindle Edition	2010	5						6/1/2011						11/4/2010		False	False	False	True	False	False	
37658106	"0143119583"	"0143119583"	Cognitive Surplus	Shirky, Clay	Clay Shirky	Paperback	2011													7/6/2011		False	True	False	False	False	False	
37792241	"1456334727"	"1456334727"	The Crowdfunding Revolution: Social Networking Meets Venture Financing		Kevin Lawton, Dan Marom	Paperback	2010	4						1/19/2011						1/21/2011		False	False	False	True	False	False	
37949729	"0307887898"	"0307887898"	The Lean Startup	Ries, Eric	Eric Ries	Hardcover	2011	4						1/1/2012						12/22/2011		False	False	False	True	False	False	
38099561	"B004K1F9KG"	""	Lifted (Kindle Single)		Evan Ratliff	Kindle Edition	2011													2/4/2011		False	False	False	False	True	False	
38134139	"0470929820"	"0470929820"	Venture Deals	Feld, Brad; Jason Mendelson	Brad Feld, Jason Mendelson	Hardcover	2011													7/17/2011		False	False	False	False	False	False	
38217502	"0300151098"	"0300151098"	A Great Leap Forward	Field, Alexander J.	Alexander J. Field Ph.D.	Hardcover	2012	5						6/20/2011						6/11/2011		False	False	False	True	False	False	
52689226	"B004PGO25O"	""	Do the Work	Pressfield, Steven	Steven Pressfield	Kindle Edition	2011													7/11/2011		False	True	False	False	False	False	
57124345	"1451648537"	"1451648537"	Steve Jobs	Isaacson, Walter	Walter Isaacson	Hardcover	2011	5						11/1/2011						11/17/2011		True	False	False	True	False	False	
57218147	"0547572484"	"0547572484"	The Man in the High Castle	Dick, Philip K.	Philip K. Dick	Paperback	2012	5						9/8/2012						9/3/2012		False	False	False	True	False	False	
59263646	"0982703007"	"0982703007"	Tempo	Rao, Venkatesh Guru	Venkatesh Guru Rao	Paperback	2011	5						1/1/2012						7/8/2011		True	False	False	True	False	False	
59648476	"1936365464"	"1936365464"	Lucky Peach: Issue 1			Paperback	2011	5						12/1/2011						12/31/2011		False	False	False	True	False	False	
59648477	"1936365472"	"1936365472"	Lucky Peach Issue 2			Paperback	2011	3						2/23/2012						12/31/2011		False	False	False	True	False	False	
59648478	"1936365480"	"1936365480"	Lucky Peach Issue 3			Paperback	2012	4						5/1/2012						8/12/2012		False	False	False	True	False	False	
59727322	"B004TQHBAI"	""	The Influence of Sea Power Upon History, 1660-1783	Mahan, A. T.	A. T. (Alfred Thayer) Mahan	Kindle Edition	2011													7/6/2011		False	True	False	False	False	False	
59886032	"B0051BNTI8"	""	On the Brink		Henry M. Paulson	Hardcover	2010	3						10/1/2011						7/24/2011		False	False	False	True	False	False	
59981686	"1936719118"	"1936719118"	Anything You Want	Sivers, Derek	Derek Sivers	Hardcover	2011													6/30/2011		False	True	False	False	False	False	
60054966	"B003SFWAP2"	""	The Only Sustainable Edge: Why Business (text only) First Edition edition by J.Hagel III.J.S. Brown		J.Hagel III.J.S. Brown	Hardcover	2005													7/11/2011		False	False	False	False	False	False	
62117438	"1466208686"	"1466208686"	Cracking the Coding Interview	McDowell, Gayle Laakmann	Gayle Laakmann McDowell	Paperback	2011	3						8/16/2013						7/29/2013		False	False	False	True	False	False	
63663163	"1936365553"	"1936365553"	Lucky Peach Issue 4			Paperback	2012	4						10/17/2012						8/12/2012		False	False	False	True	False	False	
64372250	"1934356867"	"1934356867"	Programming Clojure		Stuart Halloway, Aaron Bedra	Paperback	2012	5						5/18/2014						5/11/2014		False	False	False	True	False	False	
66997508	"1603090916"	"1603090916"	Harvey Pekar's Cleveland	Pekar, Harvey; Joseph Remnant	Harvey Pekar	Hardcover	2012	4						5/5/2012						5/5/2012		False	False	False	True	False	False	
67874160	"0062109391"	"9780062109392"	This Will Make You Smarter	Brockman, John	John Brockman	Paperback	2012	4												6/9/2012		False	True	False	False	False	False	
67883329	"1595829369"	"1595829369"	Channel Zero: The Complete Collection	Wood, Brian; Brian Wood; Becky Cloonan; Brian Wood; Brian Wood	Brian Wood	Paperback	2012	5						3/16/2014						3/17/2014		False	False	False	True	False	False	
67971502	"B006ZHJSIM"	""	Guide to: Learning Python Decorators		Matt Harrison	Kindle Edition	2012	4						3/1/2013						3/20/2013		False	False	False	True	False	False	
70559477	"1594487367"	"9781594487361"	This Is How You Lose Her	Díaz, Junot	Junot Diaz	Hardcover	2012	4						10/10/2012						10/10/2012		False	False	False	True	False	False	
71524784	"193807307X"	"193807307X"	Lucky Peach Issue 5			Paperback	2012	5						3/11/2013						3/11/2013		False	False	False	True	False	False	
71727421	"1934356980"	"1934356980"	Practical Vim: Edit Text at the Speed of Thought	Neil, Drew	Drew Neil	Paperback	2012													10/19/2013		False	True	False	False	False	False	
71854837	"1620100002"	"1620100002"	Scott Pilgrim Color Hardcover Volume 1: Precious Little Life	O'Malley, Bryan Lee	Bryan Lee O'Malley	Hardcover	2012	4						12/25/2013						12/26/2013		False	False	False	True	False	False	
72198550	"B0080YHBR8"	""	Quality Python Development 		Frédéric Lepied	Kindle Edition	2012	3						3/20/2013						3/20/2013		False	False	False	True	False	False	
74016628	"1607066017"	"1607066017"	Saga Volume 1 TP	Staples, Fiona; Brian K Vaughan	Brian K. Vaughan	Paperback	2012	5						5/17/2013						5/12/2013		False	False	False	True	False	False	
74407727	"B008IGIKY6"	""	PostgreSQL: Up and Running, Ed: 1 		Regina O. Obe, Leo S. Hsu	Kindle Edition	2012													9/18/2013		False	True	False	False	False	False	
75489725	"1938073207"	"1938073207"	McSweeney's Issue 43 (Mcsweeney's Quarterly Concern)			Paperback	2013	5						5/22/2013						5/21/2013		False	False	False	True	False	False	
75565465	"1118443616"	"1118443616"	Venture Deals: Be Smarter Than Your Lawyer and Venture Capitalist		Brad Feld, Jason Mendelson	Hardcover	2012	4						10/19/2013						9/28/2013		False	False	False	True	False	False	
78063177	"1938073460"	"1938073460"	Lucky Peach, Issue 6			Paperback	2013	4						4/12/2013						4/16/2013		False	False	False	True	False	False	
78072355	"0307947513"	"0307947513"	A Hologram for the King	Eggers, Dave	Dave Eggers	Paperback	2013	5						10/14/2013						10/15/2013		False	False	False	True	False	False	
78074469	"1607066920"	"1607066920"	Saga Volume 2 TP	Vaughan, Brian K.; Fiona Staples	Brian K. Vaughan, Fiona Staples	Paperback	2013	5						7/1/2013						5/12/2013		False	False	False	True	False	False	
79775936	"1938073479"	"1938073479"	Lucky Peach, Issue 7			Paperback	2013	5						6/22/2013						8/26/2013		False	False	False	True	False	False	
79978272	"1401238939"	"1401238939"	Before Watchmen: Comedian/Rorschach	Azzarello, Brian; J. G. Jones; Lee Bermejo	Brian Azzarello	Hardcover	2013	4						12/26/2013						12/26/2013		False	False	False	True	False	False	
80449163	"1449344852"	"1449344852"	AngularJS 		Brad Green, Shyam Seshadri	Paperback	2013	4						10/7/2013						9/18/2013		False	False	False	True	False	False	
86546460	"0804137501"	"0804137501"	Remote	Fried, Jason	Jason Fried, David Heinemeier Hansson	Hardcover	2013	3						3/8/2014						3/8/2014		False	False	False	True	False	False	
87019692	"B009CUUQ4Y"	""	Dive Into Python 3 [ DIVE INTO PYTHON 3 BY Pilgrim, Mark ( Author ) Oct-01-2009		Mark Pilgrim	Paperback	2009	4						3/12/2013						3/12/2013		False	False	False	True	False	False	
87070430	"1449360726"	"1449360726"	Functional JavaScript: Introducing Functional Programming with Underscore.js?		Michael Fogus	Paperback	2013	5												9/29/2013		False	True	False	False	False	False	
87076428	"1617291412"	"1617291412"	The Joy of Clojure	Fogus, Michael; Chris Houser	Michael Fogus, Chris Houser	Paperback	2014	5						5/4/2014						11/24/2013		False	False	False	True	False	False	
87084819	"1938073746"	"1938073746"	There Is a Country: New Fiction from the New Nation of South Sudan			Paperback	2013	3						5/23/2013						5/23/2013		False	False	False	True	False	False	
87120725	"1938073614"	"1938073614"	Lucky Peach, Issue 8			Paperback	2013	5						10/22/2013						6/21/2013		False	False	False	True	False	False	
87135794	"1118660633"	"1118660633"	The Year Without Pants: WordPress.com and the Future of Work		Scott Berkun	Hardcover	2013	4						3/12/2014						3/13/2014		False	False	False	True	False	False	
87280373	"B00CAYHLOM"	""	Ex Machina, Vol. 1: The First Hundred Days by Brian K. Vaughan 1st (first) Edition (2/1/2005)			Paperback	1600	4						5/16/2013						5/16/2013		False	False	False	True	False	False	
87288177	"1770461353"	"1770461353"	Showa 1926-1939: A History of Japan	Mizuki, Shigeru	Shigeru Mizuki	Paperback	2013	5						1/20/2014						12/27/2013		False	False	False	True	False	False	
87400561	"1616551690"	"1616551690"	Smoke / Ashes		Alex De Campi	Paperback	2013	5						12/25/2013						12/26/2013		False	False	False	True	False	False	
87433731	"1938073452"	"1938073452"	McSweeney's Issue 44 (Mcsweeney's Quarterly Concern)			Hardcover	2013	5						11/12/2013						11/9/2013		False	False	False	True	False	False	
87595504	"B00E5KB9RE"	""	Remembrance of Things Past	Proust, Marcel	Marcel Proust	Kindle Edition	2013	4												6/2/2014		False	False	False	False	False	False	
87642959	"0385351399"	"0385351399"	The Circle	Eggers, Dave	Dave Eggers	Hardcover	2013	5						11/21/2013						11/21/2013		False	False	False	True	False	False	
87764793	"1770461515"	"1770461515"	Showa 1938-1944: A History of Japan	Mizuki, Shigeru	Shigeru Mizuki	Paperback	2014													12/27/2013		False	False	False	False	False	True	
87771170	"B009NGC5O6"	""	Concrete Mathematics: A Foundation for Computer Science (2nd Edition)		Graham / Knuth / Patashnik	Paperback	1994													9/13/2013		False	True	False	False	False	False	
87854944	"1937785645"	"1937785645"	Web Development with Clojure: Build Bulletproof Web Apps with Less Code		Dmitri Sotnikov	Paperback	2014	3						7/13/2014						6/24/2014		False	False	False	True	False	False	
87880131	"0062273205"	"0062273205"	The Hard Thing About Hard Things: Building a Business When There Are No Easy Answers		Ben Horowitz	Hardcover	2014	4						4/30/2014						3/17/2014		False	False	False	True	False	False	
88103790	"1938073630"	"1938073630"	McSweeney's Issue 45 (Mcsweeney's Quarterly Concern)			Paperback	2013	4						1/25/2014						1/14/2014		False	False	False	True	False	False	
88154685	"1607069318"	"1607069318"	Saga Volume 3 TP	Vaughan, Brian K.; Fiona Staples	Brian K. Vaughan	Paperback	2014	5						3/28/2014						3/28/2014		False	False	False	True	False	False	
88192883	"B00HB8PYD2"	""	Lapham`s Quarterly (Winter 2014,Comedy Issue)			Single Issue Magazine	2014	3												1/26/2014		False	True	False	False	False	False	
88302309	"1938073851"	"1938073851"	McSweeney's Issue 46 (Mcsweeney's Quarterly Concern)			Hardcover	2014	3						6/20/2014						5/26/2014		False	False	False	True	False	False	
88383525	"1495421082"	"1495421082"	The Jungle Book		Rudyard Kipling	Paperback	2014													5/11/2014		False	True	False	False	False	False	
